,iteration,fog_node,device,loss,accuracy,auc_1,false_negatives_1,false_positives_1,true_negatives_1,true_positives_1
0,0,0,0,0.42857815776666924,0.7949848175048828,0.8128561973571777,4080.0,1594.0,19426.0,2576.0
1,0,0,0,0.37322168772595177,0.8237100839614868,0.8683854341506958,3227.0,1652.0,19368.0,3429.0
2,1,0,0,0.4286280949821464,0.7931420803070068,0.8129466772079468,4274.0,1451.0,19569.0,2382.0
3,1,0,0,0.37671144881040347,0.823240339756012,0.8654465079307556,3198.0,1694.0,19326.0,3458.0
