,iteration,fog_node,device,loss,accuracy,auc_1,false_negatives_1,false_positives_1,true_negatives_1,true_positives_1
0,0,0,0,0.42178202657052455,0.797911524772644,0.822097897529602,4102.0,1491.0,19529.0,2554.0
1,0,0,0,0.3766808367555998,0.822553813457489,0.8656477928161621,3105.0,1806.0,19214.0,3551.0
2,1,0,0,0.42503657955140595,0.797911524772644,0.8172646760940552,4023.0,1570.0,19450.0,2633.0
3,1,0,0,0.374605439658247,0.8238546252250671,0.8670282363891602,3182.0,1693.0,19327.0,3474.0
