  ,iteration ,fog_node ,device ,loss                ,accuracy           ,auc_1              ,false_negatives_1 ,false_positives_1 ,true_negatives_1 ,true_positives_1
0 ,0         ,0        ,0      ,0.4247175761085143  ,0.7957797646522522 ,0.818278431892395  ,4003.0            ,1649.0            ,19371.0          ,2653.0
1 ,0         ,0        ,0      ,0.374937784083404   ,0.8237100839614868 ,0.8666709661483765 ,3262.0            ,1617.0            ,19403.0          ,3394.0
2 ,1         ,0        ,0      ,0.3643656922077612  ,0.8306474685668945 ,0.8752313852310181 ,3121.0            ,1566.0            ,19454.0          ,3535.0
3 ,1         ,0        ,0      ,0.35718793606444543 ,0.8328515887260437 ,0.8803359866142273 ,2940.0            ,1686.0            ,19334.0          ,3716.0
