trace_id,loss,accuracy,auc_2
3,0.3282000422477722,0.8454135656356812,0.9012502431869507
1,0.32819998264312744,0.8454135656356812,0.9012502431869507
