trace_id,loss,accuracy,auc_2
3,0.15474294126033783,0.9701393246650696,0.5515647530555725
1,0.15474294126033783,0.9701393246650696,0.5515647530555725
