trace_id,loss,accuracy
3,0.1510370671749115,0.9701393246650696
1,0.1510370671749115,0.9701393246650696
